time,id,source,dest
0,passenger_00001,28,33
0,passenger_00002,20,1
1,passenger_00003,42,1
2,passenger_00004,17,1
2,passenger_00005,22,1
3,passenger_00006,26,1
3,passenger_00007,42,1
4,passenger_00008,8,1
5,passenger_00009,9,1
5,passenger_00010,32,1
6,passenger_00011,47,5
10,passenger_00012,26,1
12,passenger_00013,27,5
12,passenger_00014,34,1
13,passenger_00015,29,1
13,passenger_00016,10,14
14,passenger_00017,12,1
17,passenger_00018,20,1
17,passenger_00019,15,36
19,passenger_00020,21,23
19,passenger_00021,36,1
21,passenger_00022,20,34
22,passenger_00023,39,1
24,passenger_00024,39,44
25,passenger_00025,8,1
25,passenger_00026,22,1
26,passenger_00027,37,1
27,passenger_00028,44,1
28,passenger_00029,28,1
28,passenger_00030,24,8
29,passenger_00031,5,1
31,passenger_00032,41,47
31,passenger_00033,3,1
31,passenger_00034,44,1
32,passenger_00035,46,27
32,passenger_00036,20,38
32,passenger_00037,18,1
34,passenger_00038,29,14
35,passenger_00039,25,1
35,passenger_00040,46,1
38,passenger_00041,20,1
40,passenger_00042,37,1
40,passenger_00043,11,1
40,passenger_00044,19,1
40,passenger_00045,3,21
41,passenger_00046,40,32
41,passenger_00047,48,1
42,passenger_00048,32,43
44,passenger_00049,46,1
45,passenger_00050,30,1
46,passenger_00051,10,1
46,passenger_00052,47,1
46,passenger_00053,14,1
47,passenger_00054,43,1
49,passenger_00055,37,1
49,passenger_00056,43,21
50,passenger_00057,32,1
51,passenger_00058,13,1
53,passenger_00059,1,49
59,passenger_00060,44,1
60,passenger_00061,34,1
62,passenger_00062,18,1
63,passenger_00063,48,1
63,passenger_00064,39,1
64,passenger_00065,47,13
64,passenger_00066,20,1
66,passenger_00067,27,1
66,passenger_00068,9,1
68,passenger_00069,1,7
68,passenger_00070,5,1
68,passenger_00071,47,9
69,passenger_00072,42,1
71,passenger_00073,40,45
72,passenger_00074,44,1
72,passenger_00075,31,1
72,passenger_00076,7,25
72,passenger_00077,43,1
73,passenger_00078,28,1
73,passenger_00079,12,1
75,passenger_00080,36,1
76,passenger_00081,14,1
76,passenger_00082,28,1
76,passenger_00083,24,47
78,passenger_00084,47,20
78,passenger_00085,28,1
79,passenger_00086,26,5
80,passenger_00087,14,41
81,passenger_00088,24,1
82,passenger_00089,6,2
83,passenger_00090,34,1
83,passenger_00091,9,1
84,passenger_00092,6,1
84,passenger_00093,34,50
85,passenger_00094,50,47
86,passenger_00095,33,1
86,passenger_00096,2,1
86,passenger_00097,42,1
87,passenger_00098,16,1
87,passenger_00099,23,1
88,passenger_00100,40,1
90,passenger_00101,41,1
90,passenger_00102,43,30
94,passenger_00103,10,44
95,passenger_00104,16,1
96,passenger_00105,32,41
96,passenger_00106,45,1
97,passenger_00107,11,1
97,passenger_00108,8,1
98,passenger_00109,38,1
98,passenger_00110,33,1
99,passenger_00111,37,3
99,passenger_00112,22,1
99,passenger_00113,2,1
100,passenger_00114,23,1
102,passenger_00115,39,6
102,passenger_00116,12,1
102,passenger_00117,9,1
104,passenger_00118,25,8
109,passenger_00119,37,1
111,passenger_00120,14,1
113,passenger_00121,44,1
114,passenger_00122,40,1
114,passenger_00123,35,1
118,passenger_00124,34,1
120,passenger_00125,12,1
120,passenger_00126,3,18
120,passenger_00127,14,1
120,passenger_00128,41,1
121,passenger_00129,45,25
125,passenger_00130,3,1
126,passenger_00131,10,33
127,passenger_00132,42,1
128,passenger_00133,47,1
128,passenger_00134,7,1
128,passenger_00135,42,21
128,passenger_00136,14,1
130,passenger_00137,46,27
130,passenger_00138,18,1
131,passenger_00139,49,1
132,passenger_00140,9,1
137,passenger_00141,15,28
138,passenger_00142,32,1
138,passenger_00143,1,14
139,passenger_00144,39,1
139,passenger_00145,47,44
139,passenger_00146,3,1
139,passenger_00147,27,1
140,passenger_00148,24,1
142,passenger_00149,6,1
143,passenger_00150,41,14
144,passenger_00151,11,1
144,passenger_00152,47,1
145,passenger_00153,40,1
145,passenger_00154,45,30
146,passenger_00155,22,1
146,passenger_00156,32,1
147,passenger_00157,48,1
149,passenger_00158,43,1
150,passenger_00159,36,1
150,passenger_00160,22,26
153,passenger_00161,32,1
154,passenger_00162,49,1
156,passenger_00163,16,1
158,passenger_00164,19,1
159,passenger_00165,37,26
160,passenger_00166,32,2
162,passenger_00167,2,1
162,passenger_00168,43,1
163,passenger_00169,37,1
165,passenger_00170,43,1
166,passenger_00171,42,1
168,passenger_00172,30,1
170,passenger_00173,3,40
171,passenger_00174,40,1
172,passenger_00175,25,1
173,passenger_00176,43,1
173,passenger_00177,15,36
173,passenger_00178,9,1
175,passenger_00179,33,29
175,passenger_00180,34,1
176,passenger_00181,47,1
179,passenger_00182,50,1
179,passenger_00183,36,1
180,passenger_00184,13,1
180,passenger_00185,22,1
183,passenger_00186,6,10
183,passenger_00187,21,46
184,passenger_00188,14,1
185,passenger_00189,45,1
188,passenger_00190,49,1
189,passenger_00191,48,1
189,passenger_00192,8,1
190,passenger_00193,41,16
190,passenger_00194,8,40
190,passenger_00195,6,32
192,passenger_00196,8,1
192,passenger_00197,47,49
194,passenger_00198,7,1
195,passenger_00199,18,1
195,passenger_00200,37,1
197,passenger_00201,15,35
197,passenger_00202,18,1
197,passenger_00203,9,1
200,passenger_00204,9,1
201,passenger_00205,36,1
201,passenger_00206,27,1
203,passenger_00207,47,1
204,passenger_00208,50,1
205,passenger_00209,26,11
205,passenger_00210,32,50
205,passenger_00211,15,44
206,passenger_00212,19,1
207,passenger_00213,34,1
208,passenger_00214,43,1
209,passenger_00215,26,1
209,passenger_00216,32,6
209,passenger_00217,9,1
209,passenger_00218,22,1
212,passenger_00219,15,1
212,passenger_00220,23,1
213,passenger_00221,40,1
214,passenger_00222,5,1
214,passenger_00223,49,23
219,passenger_00224,26,1
219,passenger_00225,31,1
220,passenger_00226,15,1
220,passenger_00227,39,4
220,passenger_00228,5,1
221,passenger_00229,30,19
223,passenger_00230,4,1
224,passenger_00231,2,3
224,passenger_00232,34,1
225,passenger_00233,41,1
226,passenger_00234,50,1
226,passenger_00235,30,6
227,passenger_00236,22,14
227,passenger_00237,26,1
229,passenger_00238,35,31
231,passenger_00239,6,1
233,passenger_00240,3,20
233,passenger_00241,26,1
234,passenger_00242,47,36
235,passenger_00243,23,1
237,passenger_00244,11,1
237,passenger_00245,27,1
238,passenger_00246,31,1
238,passenger_00247,36,27
238,passenger_00248,7,1
239,passenger_00249,14,40
240,passenger_00250,12,1
240,passenger_00251,9,1
242,passenger_00252,24,1
244,passenger_00253,25,1
245,passenger_00254,23,1
246,passenger_00255,14,1
246,passenger_00256,47,1
247,passenger_00257,26,19
248,passenger_00258,42,1
249,passenger_00259,15,1
249,passenger_00260,30,29
250,passenger_00261,35,36
250,passenger_00262,29,1
250,passenger_00263,48,1
252,passenger_00264,22,1
252,passenger_00265,28,34
254,passenger_00266,24,1
254,passenger_00267,18,1
255,passenger_00268,47,3
258,passenger_00269,39,1
259,passenger_00270,26,1
261,passenger_00271,5,1
262,passenger_00272,23,1
262,passenger_00273,7,1
264,passenger_00274,44,10
265,passenger_00275,42,18
265,passenger_00276,4,1
268,passenger_00277,10,1
269,passenger_00278,49,1
271,passenger_00279,26,49
271,passenger_00280,29,1
272,passenger_00281,47,1
274,passenger_00282,15,1
276,passenger_00283,42,1
277,passenger_00284,41,4
279,passenger_00285,38,1
280,passenger_00286,36,40
280,passenger_00287,17,41
283,passenger_00288,26,1
283,passenger_00289,3,1
284,passenger_00290,16,1
286,passenger_00291,19,1
287,passenger_00292,15,1
287,passenger_00293,1,31
288,passenger_00294,47,27
288,passenger_00295,24,1
289,passenger_00296,18,1
290,passenger_00297,37,1
292,passenger_00298,37,1
292,passenger_00299,38,1
293,passenger_00300,29,27
293,passenger_00301,23,1
295,passenger_00302,38,41
297,passenger_00303,32,1
298,passenger_00304,42,1
298,passenger_00305,18,3
298,passenger_00306,32,1
299,passenger_00307,31,1
302,passenger_00308,13,1
305,passenger_00309,36,1
305,passenger_00310,3,1
306,passenger_00311,28,1
307,passenger_00312,33,1
307,passenger_00313,9,1
308,passenger_00314,24,6
308,passenger_00315,37,7
309,passenger_00316,10,1
309,passenger_00317,45,1
309,passenger_00318,15,1
310,passenger_00319,3,1
310,passenger_00320,45,37
310,passenger_00321,29,23
316,passenger_00322,20,1
316,passenger_00323,42,3
317,passenger_00324,37,1
318,passenger_00325,40,1
319,passenger_00326,4,33
320,passenger_00327,50,1
320,passenger_00328,37,1
321,passenger_00329,15,1
322,passenger_00330,17,46
323,passenger_00331,40,8
323,passenger_00332,15,1
324,passenger_00333,15,1
324,passenger_00334,48,1
325,passenger_00335,15,22
336,passenger_00336,1,7
337,passenger_00337,22,1
339,passenger_00338,38,1
341,passenger_00339,3,7
343,passenger_00340,33,23
343,passenger_00341,29,1
345,passenger_00342,35,1
345,passenger_00343,26,1
346,passenger_00344,5,48
346,passenger_00345,13,24
348,passenger_00346,8,1
348,passenger_00347,34,21
349,passenger_00348,26,35
350,passenger_00349,32,1
350,passenger_00350,32,1
350,passenger_00351,37,1
350,passenger_00352,49,1
352,passenger_00353,42,1
352,passenger_00354,7,15
352,passenger_00355,35,1
352,passenger_00356,10,1
353,passenger_00357,31,12
354,passenger_00358,10,1
356,passenger_00359,31,1
357,passenger_00360,9,1
358,passenger_00361,37,1
359,passenger_00362,43,1
360,passenger_00363,22,1
362,passenger_00364,11,26
363,passenger_00365,39,1
363,passenger_00366,36,1
363,passenger_00367,23,1
365,passenger_00368,19,1
366,passenger_00369,40,1
367,passenger_00370,39,5
367,passenger_00371,15,22
368,passenger_00372,30,37
371,passenger_00373,3,1
373,passenger_00374,30,21
375,passenger_00375,47,27
376,passenger_00376,22,9
376,passenger_00377,24,1
378,passenger_00378,34,12
378,passenger_00379,4,1
379,passenger_00380,12,1
381,passenger_00381,7,1
381,passenger_00382,19,1
382,passenger_00383,14,1
385,passenger_00384,42,1
386,passenger_00385,10,18
386,passenger_00386,2,1
389,passenger_00387,27,1
390,passenger_00388,46,5
392,passenger_00389,36,1
393,passenger_00390,28,1
396,passenger_00391,26,35
397,passenger_00392,41,1
397,passenger_00393,6,1
399,passenger_00394,29,4
399,passenger_00395,44,1
400,passenger_00396,5,1
401,passenger_00397,12,1
402,passenger_00398,38,1
402,passenger_00399,2,34
403,passenger_00400,47,1
403,passenger_00401,34,1
405,passenger_00402,22,31
406,passenger_00403,39,1
407,passenger_00404,15,1
407,passenger_00405,40,1
407,passenger_00406,21,5
408,passenger_00407,28,3
413,passenger_00408,5,1
413,passenger_00409,8,1
413,passenger_00410,46,16
414,passenger_00411,6,1
414,passenger_00412,8,1
416,passenger_00413,23,2
416,passenger_00414,28,1
417,passenger_00415,10,38
417,passenger_00416,43,49
418,passenger_00417,45,1
418,passenger_00418,16,38
420,passenger_00419,17,1
425,passenger_00420,1,42
426,passenger_00421,15,32
427,passenger_00422,16,1
427,passenger_00423,10,46
430,passenger_00424,13,1
430,passenger_00425,9,14
431,passenger_00426,18,1
431,passenger_00427,35,1
431,passenger_00428,21,31
431,passenger_00429,33,36
434,passenger_00430,1,16
436,passenger_00431,18,1
436,passenger_00432,35,1
439,passenger_00433,21,1
439,passenger_00434,22,1
442,passenger_00435,44,38
447,passenger_00436,1,37
447,passenger_00437,13,1
447,passenger_00438,7,1
449,passenger_00439,45,1
449,passenger_00440,23,16
452,passenger_00441,47,14
452,passenger_00442,5,16
454,passenger_00443,48,1
456,passenger_00444,41,1
456,passenger_00445,38,49
457,passenger_00446,29,1
458,passenger_00447,16,1
460,passenger_00448,23,13
463,passenger_00449,47,1
465,passenger_00450,49,1
465,passenger_00451,32,1
466,passenger_00452,2,25
467,passenger_00453,15,21
467,passenger_00454,18,9
467,passenger_00455,37,1
468,passenger_00456,47,1
470,passenger_00457,23,1
472,passenger_00458,21,1
473,passenger_00459,3,1
475,passenger_00460,8,26
475,passenger_00461,4,7
475,passenger_00462,34,1
476,passenger_00463,47,1
478,passenger_00464,27,50
478,passenger_00465,49,1
478,passenger_00466,5,1
479,passenger_00467,10,38
480,passenger_00468,35,1
481,passenger_00469,44,1
485,passenger_00470,30,1
485,passenger_00471,24,1
485,passenger_00472,48,1
487,passenger_00473,31,48
487,passenger_00474,20,1
489,passenger_00475,11,1
489,passenger_00476,43,42
489,passenger_00477,46,1
489,passenger_00478,9,1
490,passenger_00479,9,4
490,passenger_00480,48,1
492,passenger_00481,34,1
492,passenger_00482,22,1
492,passenger_00483,17,1
493,passenger_00484,9,47
494,passenger_00485,12,1
496,passenger_00486,9,1
497,passenger_00487,22,1
498,passenger_00488,6,1
498,passenger_00489,15,1
499,passenger_00490,42,1
499,passenger_00491,19,1
501,passenger_00492,4,43
503,passenger_00493,45,1
505,passenger_00494,2,1
507,passenger_00495,34,1
508,passenger_00496,49,37
508,passenger_00497,41,1
508,passenger_00498,37,1
510,passenger_00499,29,1
511,passenger_00500,37,1
511,passenger_00501,14,1
514,passenger_00502,24,1
514,passenger_00503,39,1
516,passenger_00504,40,1
517,passenger_00505,14,1
517,passenger_00506,7,1
518,passenger_00507,49,1
518,passenger_00508,2,22
519,passenger_00509,37,1
521,passenger_00510,47,1
521,passenger_00511,42,40
522,passenger_00512,44,1
527,passenger_00513,10,37
528,passenger_00514,20,30
529,passenger_00515,34,1
530,passenger_00516,4,1
530,passenger_00517,47,1
530,passenger_00518,29,49
531,passenger_00519,43,1
532,passenger_00520,19,1
532,passenger_00521,29,1
532,passenger_00522,22,44
534,passenger_00523,39,1
534,passenger_00524,22,1
536,passenger_00525,34,1
538,passenger_00526,35,1
538,passenger_00527,4,1
540,passenger_00528,50,1
540,passenger_00529,36,1
541,passenger_00530,43,1
541,passenger_00531,22,1
542,passenger_00532,46,1
542,passenger_00533,36,1
542,passenger_00534,29,1
543,passenger_00535,7,1
545,passenger_00536,38,1
545,passenger_00537,32,44
545,passenger_00538,18,16
546,passenger_00539,19,29
546,passenger_00540,47,23
547,passenger_00541,42,43
550,passenger_00542,8,1
550,passenger_00543,11,1
551,passenger_00544,27,1
552,passenger_00545,5,39
552,passenger_00546,18,1
553,passenger_00547,36,50
556,passenger_00548,41,1
556,passenger_00549,15,1
556,passenger_00550,38,1
557,passenger_00551,28,1
558,passenger_00552,30,1
559,passenger_00553,43,1
561,passenger_00554,35,1
563,passenger_00555,38,1
563,passenger_00556,18,17
565,passenger_00557,13,1
565,passenger_00558,22,1
565,passenger_00559,48,42
566,passenger_00560,20,1
566,passenger_00561,29,1
566,passenger_00562,49,1
566,passenger_00563,33,15
567,passenger_00564,4,1
567,passenger_00565,2,1
568,passenger_00566,18,1
568,passenger_00567,40,1
571,passenger_00568,45,1
571,passenger_00569,28,1
572,passenger_00570,46,1
572,passenger_00571,10,1
572,passenger_00572,25,15
573,passenger_00573,26,1
574,passenger_00574,2,1
576,passenger_00575,9,1
578,passenger_00576,2,1
578,passenger_00577,32,1
579,passenger_00578,8,1
580,passenger_00579,14,1
581,passenger_00580,24,1
581,passenger_00581,8,1
581,passenger_00582,46,31
582,passenger_00583,22,27
582,passenger_00584,26,37
582,passenger_00585,19,13
583,passenger_00586,46,1
584,passenger_00587,27,22
587,passenger_00588,47,39
588,passenger_00589,44,1
589,passenger_00590,47,1
590,passenger_00591,30,49
591,passenger_00592,34,1
592,passenger_00593,47,1
593,passenger_00594,46,1
596,passenger_00595,26,1
600,passenger_00596,49,20
601,passenger_00597,27,47
602,passenger_00598,8,1
604,passenger_00599,36,1
604,passenger_00600,14,1
606,passenger_00601,49,1
606,passenger_00602,1,44
606,passenger_00603,6,1
607,passenger_00604,43,1
607,passenger_00605,24,13
608,passenger_00606,27,1
609,passenger_00607,35,1
609,passenger_00608,47,1
610,passenger_00609,27,1
610,passenger_00610,4,1
612,passenger_00611,44,48
612,passenger_00612,3,29
613,passenger_00613,30,1
613,passenger_00614,32,1
614,passenger_00615,5,1
614,passenger_00616,8,1
614,passenger_00617,27,1
614,passenger_00618,19,11
615,passenger_00619,1,17
617,passenger_00620,20,1
617,passenger_00621,10,1
618,passenger_00622,41,1
619,passenger_00623,19,1
619,passenger_00624,30,1
623,passenger_00625,32,1
624,passenger_00626,35,1
624,passenger_00627,16,14
627,passenger_00628,2,48
628,passenger_00629,41,5
629,passenger_00630,26,38
630,passenger_00631,31,12
630,passenger_00632,50,1
631,passenger_00633,7,1
636,passenger_00634,1,14
636,passenger_00635,12,1
637,passenger_00636,15,1
638,passenger_00637,12,1
639,passenger_00638,17,1
642,passenger_00639,33,1
643,passenger_00640,2,10
643,passenger_00641,32,15
643,passenger_00642,42,1
644,passenger_00643,48,1
645,passenger_00644,25,1
646,passenger_00645,15,1
649,passenger_00646,3,1
649,passenger_00647,2,1
649,passenger_00648,47,1
650,passenger_00649,47,1
650,passenger_00650,40,1
651,passenger_00651,7,1
651,passenger_00652,20,1
653,passenger_00653,50,1
654,passenger_00654,43,26
655,passenger_00655,23,3
658,passenger_00656,50,1
659,passenger_00657,14,47
660,passenger_00658,45,9
661,passenger_00659,37,1
662,passenger_00660,40,1
662,passenger_00661,18,1
664,passenger_00662,9,1
665,passenger_00663,9,1
668,passenger_00664,22,1
669,passenger_00665,21,1
669,passenger_00666,50,1
675,passenger_00667,9,37
676,passenger_00668,29,1
676,passenger_00669,9,1
677,passenger_00670,28,1
678,passenger_00671,39,1
678,passenger_00672,39,1
678,passenger_00673,47,1
680,passenger_00674,15,1
680,passenger_00675,25,1
681,passenger_00676,10,1
682,passenger_00677,14,1
682,passenger_00678,10,30
683,passenger_00679,30,1
683,passenger_00680,43,1
686,passenger_00681,24,1
690,passenger_00682,47,7
691,passenger_00683,45,38
693,passenger_00684,13,1
693,passenger_00685,39,1
694,passenger_00686,7,1
695,passenger_00687,40,3
695,passenger_00688,35,1
697,passenger_00689,25,1
697,passenger_00690,16,4
698,passenger_00691,22,23
700,passenger_00692,33,1
700,passenger_00693,45,13
700,passenger_00694,5,32
702,passenger_00695,20,1
702,passenger_00696,14,1
703,passenger_00697,18,1
705,passenger_00698,35,1
705,passenger_00699,35,1
706,passenger_00700,50,1
706,passenger_00701,2,1
707,passenger_00702,49,1
710,passenger_00703,40,39
712,passenger_00704,11,1
712,passenger_00705,12,1
716,passenger_00706,28,1
718,passenger_00707,44,1
718,passenger_00708,42,1
719,passenger_00709,39,1
719,passenger_00710,21,1
721,passenger_00711,6,49
724,passenger_00712,37,1
724,passenger_00713,24,1
724,passenger_00714,11,1
725,passenger_00715,20,1
725,passenger_00716,3,1
726,passenger_00717,2,1
728,passenger_00718,25,1
729,passenger_00719,4,1
731,passenger_00720,31,11
732,passenger_00721,29,7
733,passenger_00722,33,1
735,passenger_00723,2,35
736,passenger_00724,13,38
737,passenger_00725,9,1
737,passenger_00726,30,1
737,passenger_00727,14,1
737,passenger_00728,18,30
737,passenger_00729,9,1
738,passenger_00730,12,1
741,passenger_00731,43,1
743,passenger_00732,46,1
744,passenger_00733,3,1
745,passenger_00734,37,1
746,passenger_00735,39,1
746,passenger_00736,1,38
746,passenger_00737,21,1
751,passenger_00738,12,1
752,passenger_00739,25,40
752,passenger_00740,15,1
754,passenger_00741,45,8
754,passenger_00742,50,1
755,passenger_00743,8,1
756,passenger_00744,25,1
757,passenger_00745,46,9
759,passenger_00746,20,1
759,passenger_00747,5,1
760,passenger_00748,48,1
760,passenger_00749,24,10
760,passenger_00750,20,1
762,passenger_00751,47,1
762,passenger_00752,46,40
763,passenger_00753,29,50
763,passenger_00754,38,1
765,passenger_00755,19,1
766,passenger_00756,45,47
766,passenger_00757,2,1
766,passenger_00758,12,1
767,passenger_00759,15,1
768,passenger_00760,15,1
769,passenger_00761,35,1
770,passenger_00762,16,1
771,passenger_00763,27,1
771,passenger_00764,49,22
772,passenger_00765,17,1
772,passenger_00766,6,1
773,passenger_00767,21,1
773,passenger_00768,2,42
774,passenger_00769,47,1
775,passenger_00770,42,6
777,passenger_00771,29,1
778,passenger_00772,36,37
779,passenger_00773,1,5
780,passenger_00774,7,1
780,passenger_00775,10,1
780,passenger_00776,17,1
781,passenger_00777,4,33
782,passenger_00778,40,1
784,passenger_00779,18,1
785,passenger_00780,7,1
785,passenger_00781,49,50
786,passenger_00782,47,50
787,passenger_00783,44,45
788,passenger_00784,17,1
790,passenger_00785,27,1
790,passenger_00786,34,17
792,passenger_00787,35,1
795,passenger_00788,44,1
795,passenger_00789,47,1
796,passenger_00790,35,1
797,passenger_00791,18,1
797,passenger_00792,4,1
797,passenger_00793,39,37
798,passenger_00794,41,1
801,passenger_00795,25,1
801,passenger_00796,3,1
803,passenger_00797,29,1
803,passenger_00798,32,1
805,passenger_00799,13,1
807,passenger_00800,21,1
807,passenger_00801,15,1
808,passenger_00802,23,27
809,passenger_00803,35,1
809,passenger_00804,27,1
811,passenger_00805,40,6
813,passenger_00806,11,1
813,passenger_00807,41,1
817,passenger_00808,38,1
817,passenger_00809,6,35
818,passenger_00810,27,1
818,passenger_00811,8,40
820,passenger_00812,15,1
820,passenger_00813,9,1
820,passenger_00814,17,22
821,passenger_00815,36,1
824,passenger_00816,23,1
824,passenger_00817,36,1
824,passenger_00818,25,43
825,passenger_00819,38,48
825,passenger_00820,15,1
828,passenger_00821,8,1
829,passenger_00822,40,1
829,passenger_00823,5,1
832,passenger_00824,15,1
834,passenger_00825,23,1
841,passenger_00826,11,1
841,passenger_00827,4,32
841,passenger_00828,46,1
844,passenger_00829,8,1
844,passenger_00830,25,37
844,passenger_00831,30,25
844,passenger_00832,11,44
844,passenger_00833,25,1
845,passenger_00834,22,8
845,passenger_00835,26,1
846,passenger_00836,34,1
846,passenger_00837,38,1
847,passenger_00838,25,1
848,passenger_00839,47,30
848,passenger_00840,37,1
851,passenger_00841,25,4
852,passenger_00842,3,1
852,passenger_00843,48,1
852,passenger_00844,17,1
853,passenger_00845,42,1
853,passenger_00846,23,1
853,passenger_00847,39,1
853,passenger_00848,11,1
855,passenger_00849,46,2
855,passenger_00850,46,1
855,passenger_00851,14,1
856,passenger_00852,50,1
857,passenger_00853,20,1
860,passenger_00854,12,1
860,passenger_00855,11,31
860,passenger_00856,12,38
861,passenger_00857,26,1
863,passenger_00858,1,29
864,passenger_00859,9,1
865,passenger_00860,44,1
865,passenger_00861,26,1
867,passenger_00862,38,1
868,passenger_00863,1,35
868,passenger_00864,8,1
868,passenger_00865,28,1
869,passenger_00866,13,1
869,passenger_00867,23,1
871,passenger_00868,40,16
871,passenger_00869,18,1
872,passenger_00870,8,1
873,passenger_00871,49,1
873,passenger_00872,42,1
875,passenger_00873,19,1
876,passenger_00874,18,1
878,passenger_00875,21,1
880,passenger_00876,20,1
880,passenger_00877,37,1
880,passenger_00878,42,1
881,passenger_00879,17,1
881,passenger_00880,19,1
882,passenger_00881,7,1
884,passenger_00882,10,16
884,passenger_00883,33,1
884,passenger_00884,10,16
889,passenger_00885,37,8
889,passenger_00886,29,26
889,passenger_00887,1,17
890,passenger_00888,30,1
892,passenger_00889,40,1
893,passenger_00890,13,40
895,passenger_00891,33,1
896,passenger_00892,45,1
897,passenger_00893,49,1
899,passenger_00894,50,1
901,passenger_00895,4,1
902,passenger_00896,49,1
902,passenger_00897,42,1
903,passenger_00898,2,19
904,passenger_00899,2,1
904,passenger_00900,14,1
904,passenger_00901,26,31
905,passenger_00902,47,1
907,passenger_00903,37,1
908,passenger_00904,21,50
913,passenger_00905,37,1
914,passenger_00906,44,1
915,passenger_00907,47,16
915,passenger_00908,44,1
915,passenger_00909,26,1
916,passenger_00910,10,1
916,passenger_00911,49,1
916,passenger_00912,21,1
917,passenger_00913,5,1
917,passenger_00914,8,1
919,passenger_00915,18,1
920,passenger_00916,44,1
922,passenger_00917,35,23
922,passenger_00918,49,1
922,passenger_00919,38,15
923,passenger_00920,4,33
924,passenger_00921,3,1
925,passenger_00922,27,1
925,passenger_00923,13,28
926,passenger_00924,25,14
927,passenger_00925,23,1
931,passenger_00926,38,1
933,passenger_00927,37,24
934,passenger_00928,2,8
934,passenger_00929,41,1
937,passenger_00930,46,3
940,passenger_00931,50,11
941,passenger_00932,46,1
941,passenger_00933,33,1
941,passenger_00934,33,1
943,passenger_00935,37,1
943,passenger_00936,28,1
944,passenger_00937,13,1
945,passenger_00938,6,1
946,passenger_00939,23,1
946,passenger_00940,9,16
949,passenger_00941,1,19
951,passenger_00942,9,19
951,passenger_00943,37,1
953,passenger_00944,30,1
955,passenger_00945,34,1
955,passenger_00946,11,6
955,passenger_00947,43,1
955,passenger_00948,49,36
956,passenger_00949,50,1
956,passenger_00950,45,1
957,passenger_00951,21,1
960,passenger_00952,20,1
961,passenger_00953,44,1
962,passenger_00954,43,1
963,passenger_00955,30,18
963,passenger_00956,17,1
966,passenger_00957,18,25
967,passenger_00958,37,1
968,passenger_00959,31,1
970,passenger_00960,40,1
971,passenger_00961,30,1
972,passenger_00962,11,47
973,passenger_00963,9,1
973,passenger_00964,48,1
974,passenger_00965,39,1
975,passenger_00966,29,1
976,passenger_00967,37,23
978,passenger_00968,6,1
978,passenger_00969,47,1
981,passenger_00970,40,21
984,passenger_00971,41,1
984,passenger_00972,7,5
986,passenger_00973,48,1
988,passenger_00974,16,1
989,passenger_00975,5,1
990,passenger_00976,18,25
990,passenger_00977,31,1
990,passenger_00978,22,1
991,passenger_00979,39,1
992,passenger_00980,33,1
993,passenger_00981,4,1
993,passenger_00982,21,1
996,passenger_00983,21,1
999,passenger_00984,37,1
1000,passenger_00985,21,35
1001,passenger_00986,42,1
1001,passenger_00987,40,36
1002,passenger_00988,21,1
1002,passenger_00989,30,16
1003,passenger_00990,25,28
1003,passenger_00991,40,27
1004,passenger_00992,40,1
1006,passenger_00993,10,1
1007,passenger_00994,43,32
1007,passenger_00995,17,23
1008,passenger_00996,24,1
1008,passenger_00997,8,1
1009,passenger_00998,36,1
1010,passenger_00999,24,1
1010,passenger_01000,7,1
1011,passenger_01001,45,18
1011,passenger_01002,16,28
1014,passenger_01003,16,7
1015,passenger_01004,9,36
1015,passenger_01005,48,1
1015,passenger_01006,6,1
1015,passenger_01007,50,31
1016,passenger_01008,22,19
1021,passenger_01009,33,1
1021,passenger_01010,2,1
1021,passenger_01011,3,1
1022,passenger_01012,15,30
1023,passenger_01013,8,50
1025,passenger_01014,3,19
1026,passenger_01015,1,14
1027,passenger_01016,44,1
1029,passenger_01017,7,1
1030,passenger_01018,28,1
1030,passenger_01019,17,1
1030,passenger_01020,43,1
1031,passenger_01021,19,1
1031,passenger_01022,43,13
1033,passenger_01023,42,34
1033,passenger_01024,32,47
1033,passenger_01025,12,1
1033,passenger_01026,47,1
1034,passenger_01027,29,48
1036,passenger_01028,49,1
1038,passenger_01029,4,1
1041,passenger_01030,46,1
1042,passenger_01031,13,1
1042,passenger_01032,11,16
1046,passenger_01033,25,1
1046,passenger_01034,9,1
1047,passenger_01035,2,4
1047,passenger_01036,46,32
1048,passenger_01037,8,49
1048,passenger_01038,10,1
1049,passenger_01039,39,9
1049,passenger_01040,24,1
1050,passenger_01041,1,35
1050,passenger_01042,19,1
1051,passenger_01043,6,1
1051,passenger_01044,29,1
1051,passenger_01045,5,1
1052,passenger_01046,15,1
1052,passenger_01047,11,23
1052,passenger_01048,20,1
1052,passenger_01049,50,1
1052,passenger_01050,41,9
1052,passenger_01051,8,1
1052,passenger_01052,39,1
1053,passenger_01053,50,1
1055,passenger_01054,32,1
1057,passenger_01055,8,17
1057,passenger_01056,26,1
1057,passenger_01057,30,1
1058,passenger_01058,42,1
1058,passenger_01059,23,1
1058,passenger_01060,32,1
1059,passenger_01061,1,27
1061,passenger_01062,27,1
1063,passenger_01063,3,1
1063,passenger_01064,43,48
1063,passenger_01065,42,1
1065,passenger_01066,38,3
1067,passenger_01067,18,1
1068,passenger_01068,1,9
1069,passenger_01069,23,1
1070,passenger_01070,43,47
1071,passenger_01071,28,1
1071,passenger_01072,16,1
1073,passenger_01073,15,1
1073,passenger_01074,6,1
1073,passenger_01075,29,16
1074,passenger_01076,30,1
1074,passenger_01077,30,34
1076,passenger_01078,50,36
1076,passenger_01079,17,1
1077,passenger_01080,44,1
1077,passenger_01081,21,1
1077,passenger_01082,41,16
1079,passenger_01083,8,1
1080,passenger_01084,13,1
1080,passenger_01085,19,1
1080,passenger_01086,29,1
1081,passenger_01087,30,1
1082,passenger_01088,28,1
1083,passenger_01089,49,1
1084,passenger_01090,28,1
1084,passenger_01091,18,1
1085,passenger_01092,35,1
1085,passenger_01093,41,20
1085,passenger_01094,19,42
1088,passenger_01095,9,1
1091,passenger_01096,2,7
1092,passenger_01097,14,1
1092,passenger_01098,8,1
1093,passenger_01099,39,1
1096,passenger_01100,14,24
1096,passenger_01101,13,1
1096,passenger_01102,6,38
1097,passenger_01103,29,35
1097,passenger_01104,14,1
1099,passenger_01105,4,1
1099,passenger_01106,2,7
1099,passenger_01107,25,21
1100,passenger_01108,18,1
1100,passenger_01109,30,1
1104,passenger_01110,29,1
1105,passenger_01111,3,1
1105,passenger_01112,12,1
1106,passenger_01113,17,25
1109,passenger_01114,49,1
1110,passenger_01115,39,1
1111,passenger_01116,8,1
1111,passenger_01117,41,1
1112,passenger_01118,45,1
1113,passenger_01119,38,1
1115,passenger_01120,6,1
1115,passenger_01121,2,1
1116,passenger_01122,41,1
1116,passenger_01123,15,1
1116,passenger_01124,25,1
1117,passenger_01125,42,1
1120,passenger_01126,15,42
1121,passenger_01127,7,38
1121,passenger_01128,31,1
1121,passenger_01129,9,13
1122,passenger_01130,14,1
1122,passenger_01131,36,1
1123,passenger_01132,4,1
1126,passenger_01133,48,31
1128,passenger_01134,19,23
1128,passenger_01135,33,1
1130,passenger_01136,5,1
1130,passenger_01137,30,1
1131,passenger_01138,30,11
1132,passenger_01139,4,25
1135,passenger_01140,24,18
1135,passenger_01141,4,1
1137,passenger_01142,36,1
1139,passenger_01143,49,19
1143,passenger_01144,3,1
1143,passenger_01145,35,1
1144,passenger_01146,47,1
1144,passenger_01147,16,9
1145,passenger_01148,31,17
1147,passenger_01149,5,1
1147,passenger_01150,8,1
1150,passenger_01151,12,1
1150,passenger_01152,20,18
1151,passenger_01153,18,1
1152,passenger_01154,38,1
1152,passenger_01155,30,48
1155,passenger_01156,35,1
1157,passenger_01157,46,1
1157,passenger_01158,22,1
1158,passenger_01159,15,1
1161,passenger_01160,50,1
1161,passenger_01161,33,1
1161,passenger_01162,27,1
1166,passenger_01163,1,14
1166,passenger_01164,6,1
1168,passenger_01165,9,1
1168,passenger_01166,13,1
1169,passenger_01167,26,1
1171,passenger_01168,33,1
1172,passenger_01169,25,1
1172,passenger_01170,34,28
1176,passenger_01171,49,1
1176,passenger_01172,25,1
1177,passenger_01173,40,1
1179,passenger_01174,4,1
1179,passenger_01175,8,1
1181,passenger_01176,47,34
1181,passenger_01177,4,1
1182,passenger_01178,16,1
1183,passenger_01179,14,1
1184,passenger_01180,2,1
1184,passenger_01181,49,1
1185,passenger_01182,18,1
1185,passenger_01183,36,1
1187,passenger_01184,40,7
1187,passenger_01185,18,1
1187,passenger_01186,2,1
1193,passenger_01187,48,1
1194,passenger_01188,46,1
1195,passenger_01189,22,1
1196,passenger_01190,39,1
1196,passenger_01191,4,1
1197,passenger_01192,19,1
1198,passenger_01193,13,42
1199,passenger_01194,41,1
1199,passenger_01195,29,1
1200,passenger_01196,40,50
1200,passenger_01197,37,1
1201,passenger_01198,32,1
1202,passenger_01199,19,1
1203,passenger_01200,8,1
1206,passenger_01201,46,1
1206,passenger_01202,16,1
1206,passenger_01203,41,1
1206,passenger_01204,48,1
1209,passenger_01205,34,1
1209,passenger_01206,9,19
1210,passenger_01207,19,1
1212,passenger_01208,48,1
1212,passenger_01209,35,12
1213,passenger_01210,14,1
1213,passenger_01211,44,1
1214,passenger_01212,31,30
1216,passenger_01213,24,48
1217,passenger_01214,23,1
1218,passenger_01215,9,1
1218,passenger_01216,25,1
1218,passenger_01217,17,1
1219,passenger_01218,44,1
1219,passenger_01219,40,1
1219,passenger_01220,9,25
1223,passenger_01221,7,1
1223,passenger_01222,45,1
1224,passenger_01223,2,1
1225,passenger_01224,29,1
1227,passenger_01225,31,1
1227,passenger_01226,36,1
1227,passenger_01227,6,1
1227,passenger_01228,15,27
1227,passenger_01229,48,1
1229,passenger_01230,21,1
1231,passenger_01231,5,1
1232,passenger_01232,44,1
1236,passenger_01233,5,1
1237,passenger_01234,32,48
1237,passenger_01235,19,48
1238,passenger_01236,9,1
1238,passenger_01237,10,1
1239,passenger_01238,35,1
1239,passenger_01239,23,49
1240,passenger_01240,33,17
1241,passenger_01241,26,1
1242,passenger_01242,47,1
1243,passenger_01243,33,1
1243,passenger_01244,30,1
1245,passenger_01245,32,1
1245,passenger_01246,26,1
1247,passenger_01247,21,4
1247,passenger_01248,36,1
1247,passenger_01249,30,24
1248,passenger_01250,38,1
1250,passenger_01251,45,1
1251,passenger_01252,26,1
1251,passenger_01253,21,1
1252,passenger_01254,22,33
1256,passenger_01255,42,8
1258,passenger_01256,4,1
1259,passenger_01257,21,1
1260,passenger_01258,22,30
1261,passenger_01259,22,1
1264,passenger_01260,14,15
1265,passenger_01261,1,26
1265,passenger_01262,33,1
1267,passenger_01263,49,1
1268,passenger_01264,46,13
1271,passenger_01265,45,34
1272,passenger_01266,8,1
1272,passenger_01267,28,1
1273,passenger_01268,26,1
1274,passenger_01269,26,9
1275,passenger_01270,5,40
1276,passenger_01271,4,1
1277,passenger_01272,10,1
1280,passenger_01273,26,42
1281,passenger_01274,23,1
1281,passenger_01275,10,1
1281,passenger_01276,33,1
1281,passenger_01277,33,18
1282,passenger_01278,40,1
1284,passenger_01279,7,1
1287,passenger_01280,4,1
1288,passenger_01281,37,1
1289,passenger_01282,36,10
1290,passenger_01283,3,31
1291,passenger_01284,44,1
1294,passenger_01285,35,20
1298,passenger_01286,30,1
1298,passenger_01287,31,1
1299,passenger_01288,22,1
1299,passenger_01289,32,1
1301,passenger_01290,20,1
1301,passenger_01291,47,26
1302,passenger_01292,15,12
1304,passenger_01293,37,1
1304,passenger_01294,1,7
1304,passenger_01295,3,1
1305,passenger_01296,25,1
1306,passenger_01297,27,1
1307,passenger_01298,39,47
1309,passenger_01299,5,40
1310,passenger_01300,11,1
1310,passenger_01301,42,1
1311,passenger_01302,23,1
1312,passenger_01303,48,1
1313,passenger_01304,14,1
1313,passenger_01305,50,1
1314,passenger_01306,39,1
1316,passenger_01307,49,1
1317,passenger_01308,7,10
1318,passenger_01309,14,1
1318,passenger_01310,4,1
1320,passenger_01311,26,9
1320,passenger_01312,39,1
1321,passenger_01313,11,1
1324,passenger_01314,23,31
1324,passenger_01315,16,1
1325,passenger_01316,5,1
1326,passenger_01317,3,1
1327,passenger_01318,26,12
1328,passenger_01319,14,1
1330,passenger_01320,8,33
1331,passenger_01321,26,1
1332,passenger_01322,23,22
1333,passenger_01323,21,1
1334,passenger_01324,18,1
1334,passenger_01325,15,1
1334,passenger_01326,17,1
1334,passenger_01327,4,1
1336,passenger_01328,2,6
1337,passenger_01329,24,1
1338,passenger_01330,10,20
1338,passenger_01331,43,1
1340,passenger_01332,7,1
1341,passenger_01333,25,1
1342,passenger_01334,28,1
1343,passenger_01335,26,42
1345,passenger_01336,14,40
1346,passenger_01337,25,1
1346,passenger_01338,1,5
1346,passenger_01339,20,1
1348,passenger_01340,10,1
1349,passenger_01341,36,1
1352,passenger_01342,8,1
1352,passenger_01343,40,1
1353,passenger_01344,30,1
1354,passenger_01345,26,35
1354,passenger_01346,42,1
1355,passenger_01347,40,1
1355,passenger_01348,31,1
1356,passenger_01349,42,1
1357,passenger_01350,14,1
1363,passenger_01351,47,1
1363,passenger_01352,2,1
1364,passenger_01353,19,12
1364,passenger_01354,11,5
1372,passenger_01355,46,1
1373,passenger_01356,36,1
1374,passenger_01357,8,1
1374,passenger_01358,46,40
1375,passenger_01359,47,1
1375,passenger_01360,28,14
1375,passenger_01361,1,50
1376,passenger_01362,13,1
1378,passenger_01363,30,1
1379,passenger_01364,37,6
1380,passenger_01365,10,1
1381,passenger_01366,1,41
1384,passenger_01367,6,38
1385,passenger_01368,22,1
1386,passenger_01369,25,13
1386,passenger_01370,23,44
1386,passenger_01371,9,1
1388,passenger_01372,40,1
1389,passenger_01373,27,26
1390,passenger_01374,11,1
1390,passenger_01375,17,1
1390,passenger_01376,32,14
1390,passenger_01377,1,40
1392,passenger_01378,42,1
1393,passenger_01379,11,6
1394,passenger_01380,41,35
1394,passenger_01381,48,1
1394,passenger_01382,29,1
1394,passenger_01383,42,1
1395,passenger_01384,11,1
1396,passenger_01385,38,1
1396,passenger_01386,24,1
1398,passenger_01387,10,1
1398,passenger_01388,5,1
1399,passenger_01389,43,19
1400,passenger_01390,35,20
1401,passenger_01391,16,12
1401,passenger_01392,45,1
1402,passenger_01393,33,1
1402,passenger_01394,37,1
1403,passenger_01395,31,1
1403,passenger_01396,32,1
1403,passenger_01397,35,1
1404,passenger_01398,8,1
1405,passenger_01399,5,46
1405,passenger_01400,4,1
1406,passenger_01401,17,1
1407,passenger_01402,31,13
1408,passenger_01403,30,1
1408,passenger_01404,30,1
1410,passenger_01405,50,1
1412,passenger_01406,33,29
1413,passenger_01407,26,1
1414,passenger_01408,49,1
1415,passenger_01409,14,1
1415,passenger_01410,23,1
1415,passenger_01411,16,37
1417,passenger_01412,2,14
1418,passenger_01413,27,2
1423,passenger_01414,5,1
1424,passenger_01415,20,49
1425,passenger_01416,30,1
1426,passenger_01417,31,27
1426,passenger_01418,14,1
1427,passenger_01419,49,1
1429,passenger_01420,6,1
1431,passenger_01421,35,1
1432,passenger_01422,49,1
1434,passenger_01423,17,40
1437,passenger_01424,38,1
1438,passenger_01425,49,1
1439,passenger_01426,29,1
1442,passenger_01427,15,1
1444,passenger_01428,4,1
1445,passenger_01429,34,41
1445,passenger_01430,48,33
1447,passenger_01431,9,1
1447,passenger_01432,17,13
1448,passenger_01433,5,1
1450,passenger_01434,14,1
1450,passenger_01435,32,1
1451,passenger_01436,24,1
1454,passenger_01437,42,18
1457,passenger_01438,11,1
1458,passenger_01439,26,15
1459,passenger_01440,35,1
1460,passenger_01441,29,1
1460,passenger_01442,39,1
1463,passenger_01443,3,1
1463,passenger_01444,28,17
1463,passenger_01445,33,1
1464,passenger_01446,26,19
1465,passenger_01447,43,1
1465,passenger_01448,21,1
1467,passenger_01449,39,1
1468,passenger_01450,37,7
1469,passenger_01451,45,1
1469,passenger_01452,6,8
1469,passenger_01453,35,15
1470,passenger_01454,38,1
1470,passenger_01455,14,1
1472,passenger_01456,44,1
1473,passenger_01457,19,1
1473,passenger_01458,38,46
1474,passenger_01459,26,1
1474,passenger_01460,6,1
1475,passenger_01461,30,1
1475,passenger_01462,8,1
1476,passenger_01463,6,2
1476,passenger_01464,20,1
1477,passenger_01465,35,1
1477,passenger_01466,45,1
1479,passenger_01467,15,22
1479,passenger_01468,36,1
1480,passenger_01469,35,1
1481,passenger_01470,36,1
1481,passenger_01471,27,1
1482,passenger_01472,14,1
1483,passenger_01473,29,1
1484,passenger_01474,1,3
1485,passenger_01475,45,1
1486,passenger_01476,41,1
1486,passenger_01477,45,1
1487,passenger_01478,22,1
1488,passenger_01479,26,1
1488,passenger_01480,38,1
1493,passenger_01481,17,1
1494,passenger_01482,34,1
1495,passenger_01483,46,1
1495,passenger_01484,21,39
1497,passenger_01485,3,43
1498,passenger_01486,28,1
1498,passenger_01487,37,1
1499,passenger_01488,45,1
1499,passenger_01489,50,1
1500,passenger_01490,6,4
1500,passenger_01491,28,1
1500,passenger_01492,37,18
1501,passenger_01493,3,1
1502,passenger_01494,2,26
1502,passenger_01495,27,11
1502,passenger_01496,31,1
1503,passenger_01497,16,1
1503,passenger_01498,28,26
1504,passenger_01499,1,8
1505,passenger_01500,42,13
1507,passenger_01501,40,1
1508,passenger_01502,4,1
1508,passenger_01503,10,1
1509,passenger_01504,35,1
1509,passenger_01505,13,39
1509,passenger_01506,22,1
1510,passenger_01507,46,1
1511,passenger_01508,22,1
1511,passenger_01509,24,1
1512,passenger_01510,18,8
1513,passenger_01511,21,1
1513,passenger_01512,27,16
1516,passenger_01513,3,1
1516,passenger_01514,25,5
1516,passenger_01515,18,1
1517,passenger_01516,47,1
1517,passenger_01517,7,39
1518,passenger_01518,32,1
1519,passenger_01519,3,1
1521,passenger_01520,6,1
1521,passenger_01521,49,1
1522,passenger_01522,26,1
1523,passenger_01523,42,1
1525,passenger_01524,34,20
1525,passenger_01525,20,1
1527,passenger_01526,20,1
1531,passenger_01527,40,1
1531,passenger_01528,13,1
1531,passenger_01529,26,1
1531,passenger_01530,14,1
1532,passenger_01531,4,1
1532,passenger_01532,14,1
1537,passenger_01533,48,1
1537,passenger_01534,42,1
1537,passenger_01535,11,18
1542,passenger_01536,32,1
1543,passenger_01537,33,1
1543,passenger_01538,2,1
1544,passenger_01539,42,1
1544,passenger_01540,40,1
1546,passenger_01541,47,44
1547,passenger_01542,40,1
1547,passenger_01543,48,1
1547,passenger_01544,24,1
1547,passenger_01545,4,1
1548,passenger_01546,34,1
1548,passenger_01547,6,1
1548,passenger_01548,35,39
1549,passenger_01549,38,31
1550,passenger_01550,3,1
1550,passenger_01551,24,1
1550,passenger_01552,33,1
1551,passenger_01553,38,1
1551,passenger_01554,26,1
1554,passenger_01555,4,23
1555,passenger_01556,7,1
1557,passenger_01557,3,1
1557,passenger_01558,1,7
1557,passenger_01559,39,1
1558,passenger_01560,23,1
1558,passenger_01561,21,1
1558,passenger_01562,33,1
1559,passenger_01563,20,1
1559,passenger_01564,19,1
1560,passenger_01565,16,1
1562,passenger_01566,45,1
1565,passenger_01567,34,1
1566,passenger_01568,39,1
1566,passenger_01569,42,1
1567,passenger_01570,15,1
1567,passenger_01571,49,1
1569,passenger_01572,50,1
1569,passenger_01573,10,7
1569,passenger_01574,19,37
1570,passenger_01575,19,1
1572,passenger_01576,32,1
1572,passenger_01577,40,1
1573,passenger_01578,48,1
1574,passenger_01579,46,25
1575,passenger_01580,23,48
1575,passenger_01581,24,1
1575,passenger_01582,41,43
1576,passenger_01583,5,1
1576,passenger_01584,48,20
1576,passenger_01585,43,1
1581,passenger_01586,15,14
1584,passenger_01587,39,47
1587,passenger_01588,49,1
1587,passenger_01589,22,43
1587,passenger_01590,5,1
1588,passenger_01591,15,8
1588,passenger_01592,39,1
1589,passenger_01593,14,1
1590,passenger_01594,24,1
1592,passenger_01595,18,1
1592,passenger_01596,49,1
1593,passenger_01597,19,40
1594,passenger_01598,44,1
1594,passenger_01599,1,14
1594,passenger_01600,13,1
1594,passenger_01601,7,1
1600,passenger_01602,26,1
1600,passenger_01603,11,15
1600,passenger_01604,26,1
1602,passenger_01605,33,1
1602,passenger_01606,6,1
1603,passenger_01607,17,14
1603,passenger_01608,18,1
1604,passenger_01609,50,1
1604,passenger_01610,18,1
1605,passenger_01611,18,46
1607,passenger_01612,48,44
1607,passenger_01613,40,1
1608,passenger_01614,48,1
1609,passenger_01615,26,1
1610,passenger_01616,2,1
1610,passenger_01617,31,1
1611,passenger_01618,21,28
1613,passenger_01619,48,17
1614,passenger_01620,46,1
1614,passenger_01621,50,1
1615,passenger_01622,43,36
1615,passenger_01623,13,1
1618,passenger_01624,43,12
1619,passenger_01625,22,1
1619,passenger_01626,41,1
1621,passenger_01627,23,22
1625,passenger_01628,45,14
1626,passenger_01629,42,1
1627,passenger_01630,5,1
1629,passenger_01631,46,1
1631,passenger_01632,44,1
1631,passenger_01633,44,1
1632,passenger_01634,37,26
1633,passenger_01635,23,1
1634,passenger_01636,45,1
1634,passenger_01637,33,1
1635,passenger_01638,34,1
1635,passenger_01639,43,1
1636,passenger_01640,20,1
1637,passenger_01641,42,1
1638,passenger_01642,30,2
1639,passenger_01643,16,1
1641,passenger_01644,43,1
1643,passenger_01645,16,1
1644,passenger_01646,12,40
1645,passenger_01647,29,1
1645,passenger_01648,41,1
1646,passenger_01649,24,1
1647,passenger_01650,27,1
1648,passenger_01651,50,1
1649,passenger_01652,48,5
1651,passenger_01653,24,13
1652,passenger_01654,16,1
1653,passenger_01655,44,24
1653,passenger_01656,49,1
1653,passenger_01657,20,32
1653,passenger_01658,48,1
1654,passenger_01659,23,1
1655,passenger_01660,3,1
1656,passenger_01661,32,33
1660,passenger_01662,38,1
1660,passenger_01663,33,16
1660,passenger_01664,47,1
1661,passenger_01665,21,1
1661,passenger_01666,40,1
1663,passenger_01667,3,14
1663,passenger_01668,38,1
1663,passenger_01669,40,1
1666,passenger_01670,4,1
1668,passenger_01671,37,1
1668,passenger_01672,27,1
1669,passenger_01673,22,1
1669,passenger_01674,27,1
1669,passenger_01675,47,17
1670,passenger_01676,29,1
1670,passenger_01677,6,1
1670,passenger_01678,13,1
1671,passenger_01679,33,1
1672,passenger_01680,26,1
1672,passenger_01681,36,1
1673,passenger_01682,17,1
1674,passenger_01683,27,45
1675,passenger_01684,45,1
1677,passenger_01685,37,21
1678,passenger_01686,16,1
1680,passenger_01687,30,1
1680,passenger_01688,25,1
1680,passenger_01689,1,13
1681,passenger_01690,32,1
1682,passenger_01691,29,16
1683,passenger_01692,7,1
1687,passenger_01693,6,37
1687,passenger_01694,10,1
1693,passenger_01695,12,36
1693,passenger_01696,12,1
1695,passenger_01697,30,1
1696,passenger_01698,26,1
1698,passenger_01699,17,1
1699,passenger_01700,7,1
1702,passenger_01701,11,1
1703,passenger_01702,31,1
1704,passenger_01703,17,1
1704,passenger_01704,28,1
1705,passenger_01705,34,1
1705,passenger_01706,39,1
1705,passenger_01707,24,1
1706,passenger_01708,46,32
1707,passenger_01709,33,1
1708,passenger_01710,6,1
1708,passenger_01711,10,1
1708,passenger_01712,32,1
1712,passenger_01713,16,1
1713,passenger_01714,22,10
1713,passenger_01715,12,1
1714,passenger_01716,24,1
1714,passenger_01717,13,1
1716,passenger_01718,45,38
1718,passenger_01719,8,1
1719,passenger_01720,14,22
1720,passenger_01721,9,7
1721,passenger_01722,20,1
1722,passenger_01723,16,8
1722,passenger_01724,12,1
1724,passenger_01725,33,1
1727,passenger_01726,21,1
1729,passenger_01727,36,1
1729,passenger_01728,10,43
1729,passenger_01729,11,1
1729,passenger_01730,29,43
1730,passenger_01731,43,1
1730,passenger_01732,35,1
1732,passenger_01733,19,1
1732,passenger_01734,17,18
1732,passenger_01735,23,1
1733,passenger_01736,21,1
1734,passenger_01737,26,1
1734,passenger_01738,49,1
1735,passenger_01739,33,7
1736,passenger_01740,15,1
1738,passenger_01741,42,10
1739,passenger_01742,1,49
1740,passenger_01743,23,1
1740,passenger_01744,24,1
1742,passenger_01745,18,1
1742,passenger_01746,11,1
1743,passenger_01747,50,47
1744,passenger_01748,2,38
1744,passenger_01749,22,1
1744,passenger_01750,28,1
1748,passenger_01751,38,1
1748,passenger_01752,24,1
1749,passenger_01753,39,32
1750,passenger_01754,30,1
1750,passenger_01755,10,1
1751,passenger_01756,22,1
1751,passenger_01757,29,6
1752,passenger_01758,16,15
1752,passenger_01759,13,1
1753,passenger_01760,5,27
1753,passenger_01761,26,1
1754,passenger_01762,27,1
1756,passenger_01763,7,28
1756,passenger_01764,19,1
1757,passenger_01765,50,1
1757,passenger_01766,14,1
1758,passenger_01767,46,1
1759,passenger_01768,39,36
1760,passenger_01769,41,38
1762,passenger_01770,13,1
1762,passenger_01771,46,35
1763,passenger_01772,13,1
1763,passenger_01773,7,5
1764,passenger_01774,6,1
1764,passenger_01775,46,1
1766,passenger_01776,2,1
1766,passenger_01777,29,50
1768,passenger_01778,37,1
1769,passenger_01779,10,13
1769,passenger_01780,4,1
1769,passenger_01781,22,1
1770,passenger_01782,23,44
1770,passenger_01783,14,1
1771,passenger_01784,6,1
1772,passenger_01785,1,8
1774,passenger_01786,13,1
1775,passenger_01787,48,36
1776,passenger_01788,6,1
1776,passenger_01789,24,1
1779,passenger_01790,31,1
1779,passenger_01791,41,1
1780,passenger_01792,17,1
1781,passenger_01793,32,1
1782,passenger_01794,9,17
1783,passenger_01795,46,14
1784,passenger_01796,28,1
1784,passenger_01797,21,1
1784,passenger_01798,11,1
1785,passenger_01799,35,45
1788,passenger_01800,42,1
1788,passenger_01801,37,1
1791,passenger_01802,14,1
1792,passenger_01803,39,1
1792,passenger_01804,19,1
1792,passenger_01805,4,48
1792,passenger_01806,15,25
1794,passenger_01807,5,1
1794,passenger_01808,40,10
1794,passenger_01809,3,38
1795,passenger_01810,27,1
1795,passenger_01811,23,1
1796,passenger_01812,8,6
1797,passenger_01813,37,1
1801,passenger_01814,21,1
1802,passenger_01815,2,34
1804,passenger_01816,21,17
1805,passenger_01817,28,1
1806,passenger_01818,20,1
1808,passenger_01819,43,1
1810,passenger_01820,44,1
1810,passenger_01821,7,1
1811,passenger_01822,22,45
1811,passenger_01823,22,1
1812,passenger_01824,48,1
1812,passenger_01825,31,12
1813,passenger_01826,30,1
1814,passenger_01827,50,1
1814,passenger_01828,42,11
1816,passenger_01829,18,1
1817,passenger_01830,22,33
1817,passenger_01831,5,1
1817,passenger_01832,41,1
1823,passenger_01833,28,1
1823,passenger_01834,29,1
1824,passenger_01835,15,1
1826,passenger_01836,22,1
1827,passenger_01837,13,1
1829,passenger_01838,11,6
1829,passenger_01839,17,2
1829,passenger_01840,47,33
1831,passenger_01841,14,1
1835,passenger_01842,12,1
1836,passenger_01843,34,1
1837,passenger_01844,25,1
1837,passenger_01845,18,1
1841,passenger_01846,18,1
1841,passenger_01847,36,1
1841,passenger_01848,1,8
1845,passenger_01849,30,1
1848,passenger_01850,24,1
1849,passenger_01851,19,44
1852,passenger_01852,12,21
1852,passenger_01853,25,9
1855,passenger_01854,7,1
1856,passenger_01855,2,1
1857,passenger_01856,46,8
1858,passenger_01857,42,1
1860,passenger_01858,28,41
1860,passenger_01859,16,1
1861,passenger_01860,38,1
1862,passenger_01861,50,1
1863,passenger_01862,5,1
1863,passenger_01863,20,1
1863,passenger_01864,13,50
1864,passenger_01865,38,33
1866,passenger_01866,44,5
1868,passenger_01867,21,1
1869,passenger_01868,38,13
1872,passenger_01869,48,39
1872,passenger_01870,34,3
1873,passenger_01871,48,1
1873,passenger_01872,29,1
1874,passenger_01873,44,1
1874,passenger_01874,7,1
1875,passenger_01875,27,1
1877,passenger_01876,4,18
1877,passenger_01877,40,18
1878,passenger_01878,45,1
1878,passenger_01879,38,1
1880,passenger_01880,32,5
1880,passenger_01881,18,1
1881,passenger_01882,33,1
1881,passenger_01883,29,10
1883,passenger_01884,37,1
1883,passenger_01885,21,10
1883,passenger_01886,49,5
1883,passenger_01887,28,23
1883,passenger_01888,38,1
1885,passenger_01889,25,1
1886,passenger_01890,14,1
1886,passenger_01891,11,1
1887,passenger_01892,5,1
1888,passenger_01893,50,1
1893,passenger_01894,11,1
1894,passenger_01895,40,1
1894,passenger_01896,12,32
1894,passenger_01897,42,20
1896,passenger_01898,47,1
1896,passenger_01899,17,1
1897,passenger_01900,13,44
1897,passenger_01901,42,1
1898,passenger_01902,8,1
1898,passenger_01903,38,1
1898,passenger_01904,41,1
1898,passenger_01905,48,30
1900,passenger_01906,13,10
1906,passenger_01907,4,1
1907,passenger_01908,15,1
1907,passenger_01909,37,1
1908,passenger_01910,21,39
1910,passenger_01911,31,1
1910,passenger_01912,32,1
1911,passenger_01913,19,1
1913,passenger_01914,36,19
1913,passenger_01915,1,17
1914,passenger_01916,9,1
1914,passenger_01917,24,1
1915,passenger_01918,27,1
1917,passenger_01919,49,1
1919,passenger_01920,25,48
1921,passenger_01921,30,1
1921,passenger_01922,15,11
1922,passenger_01923,19,1
1923,passenger_01924,5,15
1925,passenger_01925,29,24
1926,passenger_01926,30,18
1926,passenger_01927,3,1
1927,passenger_01928,12,1
1928,passenger_01929,14,1
1928,passenger_01930,6,1
1929,passenger_01931,28,1
1930,passenger_01932,46,1
1930,passenger_01933,37,1
1931,passenger_01934,32,8
1934,passenger_01935,34,5
1935,passenger_01936,41,26
1936,passenger_01937,31,1
1941,passenger_01938,48,1
1945,passenger_01939,14,1
1946,passenger_01940,36,1
1949,passenger_01941,46,5
1950,passenger_01942,8,1
1952,passenger_01943,8,47
1952,passenger_01944,30,1
1952,passenger_01945,36,1
1952,passenger_01946,6,1
1952,passenger_01947,21,1
1953,passenger_01948,10,1
1955,passenger_01949,31,21
1956,passenger_01950,6,28
1957,passenger_01951,41,12
1957,passenger_01952,31,1
1957,passenger_01953,2,1
1959,passenger_01954,27,1
1959,passenger_01955,18,2
1960,passenger_01956,29,1
1962,passenger_01957,16,1
1962,passenger_01958,41,27
1965,passenger_01959,38,29
1968,passenger_01960,30,1
1969,passenger_01961,31,1
1970,passenger_01962,17,22
1970,passenger_01963,49,1
1975,passenger_01964,16,1
1975,passenger_01965,23,1
1976,passenger_01966,32,1
1977,passenger_01967,10,1
1979,passenger_01968,27,3
1980,passenger_01969,36,1
1981,passenger_01970,14,1
1981,passenger_01971,48,1
1981,passenger_01972,25,1
1982,passenger_01973,41,1
1983,passenger_01974,43,1
1984,passenger_01975,7,1
1984,passenger_01976,45,18
1987,passenger_01977,50,1
1987,passenger_01978,27,1
1987,passenger_01979,48,1
1989,passenger_01980,6,1
1993,passenger_01981,8,1
1993,passenger_01982,46,1
1994,passenger_01983,49,1
1994,passenger_01984,6,1
1995,passenger_01985,26,1
1996,passenger_01986,40,1
1996,passenger_01987,30,1
1996,passenger_01988,32,3
1999,passenger_01989,13,1
1999,passenger_01990,3,1
1999,passenger_01991,15,6
1999,passenger_01992,13,45
1999,passenger_01993,8,1
1999,passenger_01994,17,1
1999,passenger_01995,3,1
2001,passenger_01996,37,35
2003,passenger_01997,38,1
2003,passenger_01998,5,1
2005,passenger_01999,35,1
2005,passenger_02000,37,1